{
  "version": "20251108_190038",
  "algorithm": "LightGBM",
  "optimization_target": "recall",
  "optimal_threshold": 0.45933999558948263,
  "target_recall": 0.85,
  "test_metrics": {
    "test_recall": 0.8518518518518519,
    "test_precision": 0.5679012345679012,
    "test_f2_score": 0.7744107744107744,
    "test_auc_roc": 0.8068518518518518,
    "test_accuracy": 0.7207792207792207,
    "test_false_negatives": 8.0,
    "test_false_positives": 35.0
  },
  "training_date": "2025-11-08T19:00:38.872431",
  "data_path": "data/raw/diabetes.csv",
  "best_params": {
    "learning_rate": 0.01318464033928351,
    "max_depth": 5,
    "num_leaves": 64,
    "scale_pos_weight": 3.725665949743237,
    "min_child_samples": 25,
    "subsample": 0.9961001040304667,
    "colsample_bytree": 0.749295507584059,
    "random_state": 42,
    "verbose": -1
  }
}